,auc,auprc
0,0.08897210426237219,0.6441788880552285
1,0.08505406295065894,0.6612178392660742
