,auc,auprc
0,0.11457783911824385,0.5536319240139396
1,0.11897502513525121,0.5437510362880495
