,auc,auprc
0,0.12337651559096229,0.5234382801997687
1,0.12377340460434054,0.521835826312445
