,auc,auprc
0,0.03371328213781465,0.8386663837280482
1,0.03672617384851829,0.8577623852034171
