,auc,auprc
0,0.09147108491552887,0.62814165612011
1,0.09228162874113353,0.6267198574880071
