,auc,auprc
0,0.10675222424627964,0.5917775842512127
1,0.10584576869397891,0.5919530300209055
