,auc,auprc
0,0.0928955556200596,0.7060194025194627
1,0.09268102372049304,0.705026787646871
